class,color,transparency,0,1,2,3,4
3,5,1,12.55906515807742,9.864953463165682,1.8007334511670514,0.15139563459597247,2.4938833697089535
5,2,2,-14.796832894175493,1.8558756895651511,0.6724293769764895,-0.806437233036292,0.32822027600962295
6,1,3,4.083690311534681,-8.51540604146225,-2.3117477227384695,4.038677230182782,4.283172504304974
1,4,1,-13.932034562937615,2.3791823074223073,-0.14841006364995876,3.763484004142851,-0.6148316083582575
1,1,3,2.1199910785179523,-13.24645690323807,-5.726456618440617,-2.0553166462100014,1.207232241790287
6,1,1,-6.237381594144439,-0.1298321385450401,-6.724192944340243,-3.411912816350878,-5.702973617570834
0,8,1,-13.949228612900946,4.101954060610111,2.929758140368691,-2.0895982717660013,2.3252315171182896
1,7,1,3.9695731312304945,-13.290473032137177,-4.807221107185821,-2.4593077619526076,1.213730989012777
5,2,2,-14.71542905788236,2.2480733641668826,-0.40242532275247617,1.1185762074190966,-0.36886057010983464
0,2,2,-14.244675709759374,3.4239120229519826,1.450207957395323,-1.9283370390546992,1.8019901519518475
1,7,1,-1.0264821696980992,8.404752928255506,-2.7218063944609736,4.304823223120203,-2.5739520561906915
1,3,1,3.345597949556133,9.310449279792156,-2.200526056769579,5.382423711257272,-0.6086870323814245
5,1,1,-11.576716570626525,2.000952722507479,-2.5391356559078453,0.9399837709735216,-4.776557579823091
5,1,1,-11.930687829071912,-1.0275958631043778,-1.914463613032393,0.409316519016118,-5.899836954678073
5,2,2,-13.443148158561131,2.6776992714202037,3.6176795658322622,-2.074327750084397,2.5914080441496368
5,1,1,7.276687926444978,-5.357872291174175,12.691673042564995,4.050525082805594,-1.727895590659842
1,1,1,2.758596816739853,8.268165519695295,-3.5721251433692247,3.158349412055491,-2.180138321889186
4,1,1,10.933539553587302,3.6803214296262703,-6.523961914319506,-4.095404319698163,0.16676005678962974
0,8,1,2.550294510189912,7.156696111761931,-4.461822385367459,6.0303419072412145,-1.2373495689583145
3,1,1,3.125669826490795,-5.3398196537006495,7.782893655624056,2.483188674304897,-3.70015553820841
5,1,1,-10.93191372646669,0.8010229818018308,-2.393807469675557,0.25137202613925885,-5.3442167728674494
2,5,1,9.174733258143515,12.260515507785797,3.0054009668579895,-0.8550707323866532,3.238457862600414
4,6,1,11.438168490415897,10.887348119770715,1.5639952817481784,-0.5257341701973758,3.124293439062266
2,9,1,12.42167493874046,9.82935527745413,0.34145797359295105,-1.693790108614473,1.9650362374680457
0,1,1,6.382246968911892,-8.36097870331707,-8.098067160906286,-4.938466265582611,-1.0230874369922578
2,6,3,-4.827879511434312,-0.07361220562587614,5.436809324790866,-4.092070695777826,4.966708962602974
0,2,2,5.853217761030078,3.2742546734161855,11.111078106612151,3.72704467121472,0.09134813539522683
3,1,3,2.289202452390144,-5.18486103511053,7.347398093612569,2.6709824260692407,-3.7238416556173384
5,1,1,-11.448471777006294,1.325724192538605,-2.016099249695688,1.1048493756450786,-4.954239192839106
6,1,3,1.1017263318483383,-8.553820969916439,3.3983514405155746,1.7599665374788416,1.4129253619479247
3,5,1,12.730581621268596,9.69363156612691,1.7498643207894586,0.11343555405684322,2.401901273185323
2,8,1,12.158428869180723,10.36698725420836,1.2653761458145303,-0.35889207260788936,2.3393939345439194
2,8,1,12.372804063831595,10.073338605251497,0.8854824607635187,-0.4506668946254885,1.8563004705050736
4,4,1,15.141588365172655,1.1466390702661613,4.893618223311336,3.8320210467629052,-0.4523383935719393
6,1,1,-5.50878632933512,-6.204793140862336,-3.715156681763513,7.087621156271478,1.043617567923379
4,1,1,1.109444844307175,-1.6898074984518114,-7.082585234677029,-3.7844676782788405,-5.857390572171004
2,6,1,1.240317139473634,1.1552946802504098,-9.821799531083785,-4.6398348734206465,-3.342277628279455
4,4,1,-7.886802563827459,6.774138532018509,1.899494832087539,-9.28287156090119,-0.7639773813157981
4,3,1,12.350733091002091,10.106514863408858,1.2287900833584502,-0.07838771300697948,2.0809676800342674
4,1,1,4.985175146588492,-5.747548832661707,-9.633347924826797,-4.630449540661548,0.23076804536176448
0,3,1,13.971814938931022,-7.215200871267662,2.203282621790107,-0.6616457182152594,-4.246227727843241
5,1,1,-12.23678268735338,1.423421214917188,-1.0689881064185296,1.6823895797675668,-4.691926983701247
1,1,1,2.6270281655002417,-12.583039908365224,-5.996752360095501,-2.08769651152318,1.4300953678506207
4,5,1,12.954635296947401,-9.820081171951921,8.236766776691367,1.7895683520554129,-0.5936770876857497
0,8,1,-14.356418177050683,3.602229775782014,1.5950958835065645,-0.7681872471881136,1.944218845596931
4,1,1,13.355386738899705,7.208521512323683,-1.0641046632453306,-2.6541232826522307,2.778649435038398
1,7,1,-4.926449380421662,6.396909209187632,-5.142569151099733,4.491043098116372,-1.6256580301298669
4,1,1,2.2797697651526887,-5.520945433898752,-10.42678312451173,-4.043619005330874,1.356417557801496
1,1,1,-1.9569177445843977,7.91375794735813,-3.065013838964041,5.699071056531799,-1.5660120436714693
0,1,1,-2.396071052285668,3.071076927602508,2.088883770485015,-11.066993761260582,-7.671148612023814
0,1,1,-6.942376142476093,7.296854747528566,-1.742431806117937,6.158800283849918,-1.532011679435362
2,6,1,11.17976472533242,10.56970894191062,-0.026822797632730804,-2.4986044980003546,2.430497005173133
3,3,1,13.958182637518577,8.077162926368898,1.6652037475668917,0.9504960063250361,0.6926969416281349
2,5,1,10.636604055230233,11.207516943775376,1.6664021286155648,-1.7563920478804294,3.2953552689006163
4,4,1,-9.168517154943704,5.623748369257858,-2.312743940558195,1.092578675845964,-0.7360899057846941
2,5,1,11.203758945400928,10.960377534241783,1.6314953777499368,-0.4118979473657677,3.127642160230918
5,4,1,-11.633730104117767,-0.23839682922503816,8.836115044466087,-8.673849168672378,-2.989680997425142
2,1,1,7.285937580225165,9.201486386992046,0.3123839248271097,-5.081778278386108,-3.9317302420862554
0,1,1,-6.587956881167597,6.210570413758657,-2.7463463835756965,2.99710068930003,-2.7359390658671185
1,1,1,2.3083077554255,8.747764487072148,-2.03808055569282,6.436827483860219,-1.5461742254406203
2,7,1,-11.140074171302155,-2.1577891303273646,-1.3756821492149622,-1.2618605762677555,-2.90703637663262
0,6,1,-11.44178058448724,2.619602187137155,0.12255832306072702,-7.5792678625723395,-1.9647822833651318
4,3,1,14.447940861881746,6.785130148464845,0.4663019346420817,0.46584347184930736,-0.47678690083541386
4,1,1,-3.50853674576493,-3.1219432841217016,-11.56757824249069,1.040549727202453,0.5326250635264116
0,2,2,-13.734448460762165,4.29261177332207,4.16511068516621,-3.316173379116803,1.5772713311255777
2,6,1,8.889541077021402,9.779411579130525,-2.6851830404810983,-4.615518810434306,2.0268784665864916
1,3,1,-2.0685706370567862,8.058716654146208,-2.911235337334744,6.403835784656463,-1.9933602886514175
1,1,1,0.6958935898697632,-11.174213863567509,-7.38176120477014,-1.114447508975295,1.3846947027005174
4,1,1,2.98114094954772,-8.755383127642103,-9.644115366873796,-3.6156499491931355,0.37327092584474514
4,1,1,1.1922417091449615,-1.3183423914335666,-6.4212132589253,-2.4236628243425695,-6.665329870086119
3,3,1,14.037355739603658,8.046263806461361,1.4911572205864363,0.8802856334710192,0.6347625965890085
3,2,2,-13.415554855905762,2.7522389217126766,3.2834700918833972,-2.745787923354224,3.365804759817057
4,3,1,14.18447954832534,7.409724413015361,0.45627297099120745,0.318150209301911,-0.059621295545856684
3,5,1,2.939356430669919,-5.33016742379492,7.689609891065023,2.4476066985753344,-3.58973884006252
1,1,1,0.06188923235869723,8.198187878192728,-3.8147748012354,6.348724646869309,-1.8265092618881846
1,3,1,14.650702535409499,3.6392774303547886,-2.4985764029487036,-1.6313906462122916,-0.45652948546140565
5,4,1,-10.371040646711265,1.5592862311490707,-0.2594822805471561,11.080548577543151,-0.46560870332644555
1,3,1,-1.4266938543556509,6.476990006251877,-4.276696365427977,4.910433920844283,-1.994044164591127
2,7,1,0.6828359923585992,-2.2819873016424115,-10.755329519639462,-0.32763996056145234,-4.620683771413391
5,7,1,9.764065655690517,0.7316836454921075,10.7510580347862,4.485486288477819,0.11547357780969789
1,3,1,0.4012489074909554,7.7591856490589075,-3.1864662118888036,4.38323026002378,-1.2442476695188875
3,1,1,3.361853887479975,-5.362517427469314,7.849077565469463,2.4580936473777295,-3.7236134691354823
1,3,1,14.43936873198862,5.75712337470359,-1.2243857792231219,-0.8148425000327021,-0.250579008967244
0,7,1,6.294075765924268,-11.93637588780403,-4.045766096158512,-3.6595517295094115,1.4600200344750478
0,2,2,-6.787359452249368,5.827044132557273,-4.384076655419527,2.093773456590557,-3.089039514774781
2,6,1,6.0067436202255164,-5.948133251571141,-8.962773264915915,-3.1223837219014356,-5.30967686727922
2,7,1,7.308907685819384,9.704338504811254,-4.40813069063779,-2.821518597459681,1.0077769208877494
1,3,1,14.880255992154632,4.226434109676458,-1.72035670647243,-1.064485541935263,-0.6829896766616521
4,1,1,6.080711539628006,-9.015985616092934,-8.380488798795183,-4.28274258597624,-0.6312277626669289
4,1,1,-5.771871247943316,-6.761630526144098,-10.020401608995796,3.3310914693942784,1.4194554317939851
4,1,1,3.04854613323116,-8.336263911562899,-9.718106242590883,-3.9145431185807538,0.6661006805408619
4,5,1,12.760815701491461,-9.699172607959929,9.280679660317723,0.5498026139205242,0.3721417680427736
2,4,1,11.357209316342386,10.997701676852147,1.5012448060081118,-0.5633344061299039,3.160475208711865
2,6,1,-8.147692992717749,0.03921708600397637,2.2157396927950024,0.28999820969719325,2.1641624095521244
3,3,1,2.1452235073350927,-5.174169543431576,7.267167419657622,2.540162203148942,-3.701598082816169
1,1,3,2.3395158629760613,-13.0207278789058,-5.748287833850221,-2.2157889155206605,1.2206329260160247
5,2,2,-14.055971886982709,3.714517100308677,-0.5603631739646237,-0.22569430011935174,-1.7004722409466708
5,1,1,-11.048773587719193,0.5959155449422496,-2.825137098256859,0.34803754895528893,-5.5074945398152195
5,1,1,11.105297906949186,-4.153061942947679,8.966018342786873,1.8886512664224506,-5.327074401250666
5,4,1,-10.916253940737711,0.19169041315109833,-1.3915722901936658,8.670606916563774,0.2166154844244927
4,3,2,6.592267705750438,10.675504223169332,-1.8422483444201232,-4.245671525645172,4.432312575333907
2,1,1,1.9611396353885893,4.932869085295082,-8.894436255062793,-4.2937126826799,-2.133800972986354
6,1,3,11.994748123946184,-11.673397520644944,6.320054070724196,2.967315844323331,0.8751333027128074
3,1,1,14.594059054383598,7.118085601369144,1.3745591002767557,0.8544313702654422,0.5011088819510761
4,10,1,9.827705308251447,11.695817834363195,1.0244022697383453,-1.847330123916486,3.4734312873619824
2,1,1,10.642029539639138,0.09207055521067606,-6.433682774558866,-4.549820401638465,-3.3936068230200895
0,2,2,-3.445647247703383,6.98137467920547,-3.9233005065132587,6.321673021809689,-2.3061371108576134
0,2,2,-14.394543892380751,3.3826856696769556,1.1379813414070288,-2.0672267340046897,1.3284084468592046
4,5,1,11.653899851478439,10.743973148790941,1.3836486508138637,-0.45254333854842166,2.851214348021713
3,1,1,2.872172379294504,-5.279413109208743,7.688134918352492,2.5140376750785838,-3.7140666184415743
1,7,1,2.8183206787680475,8.188096076007879,-2.761434499081857,5.4025461602184395,-1.824034509139067
2,4,1,3.4447286487150155,-5.392506908436429,7.851170036674362,2.4870539844274138,-3.700171658031389
4,5,3,15.220552250228005,-5.889041999465736,-1.6917641871045916,-2.8415026745560357,-0.5434981829193173
4,3,1,15.91195146096949,3.413901655133077,-0.8324839082801305,-1.416647567419754,0.16062621549237624
1,3,1,-2.093591621423889,6.113784320518895,-7.351853853681595,3.7088266735819344,-2.53955449215745
5,2,2,-13.114211794323806,-4.7464702232988065,0.6667832848555881,-2.753710501751588,-5.146302492793815
6,1,1,-6.654974584997267,-1.8565622545632616,7.614844460482065,-3.9602684726157467,2.464643104470404
4,1,1,-5.861414184503484,0.1720552008904016,-8.848308311143375,-4.4989075399402,1.947060632242877
5,4,1,-11.349934208444099,1.4883966074033095,2.8279719431488757,2.215169482651424,2.6982953123727813
2,1,1,-0.30094586600045403,3.960964038265091,-9.53723773244186,-4.2528559692265295,-2.5546688461087528
4,6,1,-12.883405001065897,3.2676846785576625,-5.104204490250109,0.49273790864669437,0.7284153930074279
4,5,1,15.212716864698082,-6.321370539081119,-1.2276758096268523,-2.870549771978971,-0.23599234277605827
2,6,1,10.1648303499249,11.44124650603866,1.235229426730804,-1.253262145518893,3.872785975041714
4,2,2,-13.79061250839427,2.8721995229811794,2.234615846256081,-3.367303529195212,1.9079435919323409
0,2,3,1.0954478290806982,-13.19968399990822,-5.515592876988088,-2.2353208219105873,1.4102293078263033
1,3,1,2.3957539834908075,8.288356973776937,-2.2480478229185574,3.6232286473152917,-1.8509151863274333
3,3,1,2.396111664867619,-5.234619292091055,7.44775867972811,2.4931100125095127,-3.6260056339059776
4,1,1,6.39539718286124,-9.117246700474846,-8.257869851972517,-3.3703081864704623,-0.25806560186859323
4,2,2,-14.292614108753567,3.0209338838059194,0.34378089286942837,-2.4193698481789263,1.3268993157569926
1,1,1,1.1792470641810595,8.193074504943679,-2.980060192368438,3.772168152587391,-3.5772721144305017
4,1,1,-3.1756889508879773,3.817063145575329,-7.117829293105342,-5.476170885413942,0.8450666808007801
3,1,1,3.7227824509364913,-14.750861832775408,-5.2997821167120955,-2.411865961580435,1.6682490175177622
5,2,2,-14.819169585089423,2.307506591082421,0.039431552245950796,0.017012656482687676,0.12625554754191243
2,9,1,11.19521005333779,10.904364017882541,1.7861723425016505,-1.3807389398597898,3.1482177108276184
1,4,1,-14.011946780084896,4.587316872799416,0.7233603738225742,2.2679042691751694,0.4035960372867857
6,1,3,10.907770811501292,-6.489682039814109,3.878744682372632,1.5372526655968348,-3.7537970862522423
0,1,1,-3.0402622846567233,1.0544031544544703,1.288756318884982,-10.805310539480145,-8.841399275041038
1,1,3,2.1801160916795115,-13.531466081560009,-5.461515515403135,-2.20134274861832,0.9955005643319377
5,2,2,-14.615235764462499,3.655802409252408,-0.27074169367308415,1.1668332397739674,0.2247808573716918
1,4,1,-1.9781062562814473,6.527749233016864,-4.246992430138882,4.375693090700223,-2.3738555143555797
5,1,1,-11.61395906660032,1.7474447447017525,-2.4743740906789147,1.2343973542420443,-4.628831909094748
4,2,2,8.542352765924988,-7.208288814321628,6.757683906601477,3.730070721892673,-4.828367267226444
2,5,1,9.36981643580268,1.297259462473213,-2.211846374159133,-5.71944376542607,-7.175334770950295
3,2,2,-13.34706136102164,2.6576734613148423,2.6499521162860153,-5.5181100563324295,2.502362638434207
5,4,1,-13.833494352790302,4.818855364968706,-0.32547996851751315,0.9635773652443582,-0.40016002453364086
0,2,2,-3.0744576089972786,7.392400195919539,-4.504598242916669,4.086581504166944,-3.187704134910674
5,2,2,-14.997499199954838,-0.9677943989379094,0.7041445338184659,-1.9042692341769154,-2.13215129964809
1,7,1,3.657583023406461,-13.517120334550055,-4.793679536925433,-2.3228472159896647,1.154471255926558
5,2,2,-10.472142713039936,-0.030060925751100157,3.9884751790406145,-0.5310280550191452,0.6333587036516733
1,1,3,1.4589814863746164,-13.714610391093832,-5.47739746909731,-1.8291301546533187,1.3156439509607563
3,2,2,-14.047080432029091,1.5731090715276141,0.31568010537144464,-3.163274319362818,1.7311066301787452
1,3,1,14.652279039981439,4.642611895889089,-1.7341922405578671,-1.2038883914586993,-0.49894489164993466
2,4,1,9.217539863917576,12.188228846219932,1.4514170738222525,-1.5882135833045439,3.745264700288951
0,2,2,-14.371838236516368,3.3503872313176792,1.126670364463385,-2.2525606637227895,1.3747409386554224
0,1,1,-3.4615375038681853,7.6027718447021675,-2.409719804593151,3.74257342579367,-1.373456706107642
0,3,1,13.153507630352161,-8.04614944845512,4.427966854218855,-0.4504214050127516,-4.238565203830006
2,4,1,10.641038153617599,11.276681791013395,0.5829321567820677,-2.017850329643607,2.702083833724816
2,1,1,5.4536358826909845,-3.4532052761819445,-8.644033472774856,-4.040597356173047,-4.8664404691278875
4,9,1,7.268210290007461,11.319519385588382,-2.9524451601521013,-1.8008344393670266,2.958483495439771
2,6,1,-5.986453636787726,6.236090396766757,-8.383648012825388,1.4728818643051744,-1.1478275880492015
4,9,1,13.333251135652223,7.132120956762448,-0.5795940967892133,-2.730089849880736,3.42010754624683
4,4,3,-13.456605491733834,3.1808918915468376,-1.885176178622326,7.121453875869614,0.3694972135001446
2,5,1,11.513873575809402,11.059716166272505,1.8363367832056383,-0.1944695148131595,2.450761765989481
4,6,1,-7.222320076522418,5.606300548670038,-8.114301978856732,3.0736485581364352,2.3185796427070495
0,2,2,-3.6930905869617434,5.547049411213628,-5.497307636368593,6.73948612426919,-2.6712489119724183
4,1,1,7.794972406822901,1.917915103113035,-8.452400499209718,-4.288197462853984,1.6479016885484912
1,1,1,-2.2429785008854344,7.421277605190453,-2.7453874966960705,5.24721316891947,-2.3312144421403573
4,9,1,13.2879448813295,6.603530654107476,-1.1717989904003288,-3.1242028977476908,3.4013724256992988
2,8,1,3.2334728670361335,-5.257988134334666,7.671832368182259,2.503063330931685,-3.758696405525082
3,2,2,2.89140368055443,-5.345441382218967,7.688249321494651,2.524737734633211,-3.6271427474539655
2,8,1,12.014536089965112,7.909203307202492,-1.991208591358752,-3.4618501852384465,0.790506054589628
0,2,2,-4.701631176106903,4.961892620869925,-4.3205306242656,5.844231900551868,-0.4896201066020874
1,1,1,2.7651226053985187,-12.98593179367814,-5.6257624612073975,-2.081949835591785,1.425463401519306
4,3,1,12.879056438292627,9.101690857386236,0.1598802972834471,-0.5087841918874385,1.2068638340977889
3,1,1,14.2129292913138,7.137397481813287,0.28738082591791875,-0.5619884958653087,1.9600947022357442
2,8,1,12.430192657754878,10.086331622042657,1.3169778690349718,-0.1683303730760383,2.118336602746924
0,2,2,-9.24963530004868,5.199655735284443,0.6366265102336554,-7.996793094651905,-4.594921901339898
6,1,3,-4.423043823789025,-4.788915473727265,4.173724528686169,1.0875794032488302,-2.9363055293551694
2,6,1,11.716877423132589,10.023438304759274,0.12808716856563224,-2.4797076495520636,2.440197410833455
4,5,1,13.851940231073595,-9.097058297109786,-1.2562175918296203,-2.683376898763239,-0.8298891426684925
5,2,2,-13.867330339289872,3.876514507115803,-0.8452676353132196,1.0048746800920823,0.036507644257586916
0,2,2,-9.980063569046543,0.4183277295406041,10.841926782058584,-8.207307994371384,-3.389274940410093
0,1,1,1.9119913629074996,-4.285005774957456,8.89608482519507,-3.227356694605086,3.7993132556106333
5,1,1,8.523839556400487,-4.498278193507671,7.653147482680421,2.119650686884974,-8.465851777149107
1,3,1,-7.906314529871144,5.648523465546822,-4.183139342450805,7.2134305179802825,-0.5629988482273798
4,3,3,11.136083770653604,-3.016083860215837,9.27331964761564,4.864276332643449,-1.7605288232431389
5,2,2,-14.854018370627761,3.282594875728663,0.9182198127410064,0.005256177759003834,0.4796055368125768
3,1,1,4.692654086791638,-16.10210157070042,-3.1294215622566104,-1.7838868326432098,1.830103543292973
2,4,1,10.441166116292926,11.204418127834796,0.30359104967235745,-2.4012951291838585,2.9299915956817113
1,3,1,-2.395766163508078,7.087200692225702,-5.263862021010205,7.2373781427179695,-2.6816015797383885
3,2,2,-14.193355240110002,1.7186755403925373,-0.0017887355225451498,-0.26202038033753705,1.747489063583132
0,3,1,-3.43079870998609,8.297603143278362,-1.3493306827246627,2.9677056642535353,-3.6477110663590744
0,1,1,-1.0655811216591269,7.561813980028993,-4.274926429204358,4.200471222396683,-3.7578566813970107
0,2,2,-5.069963095923475,8.544442604021691,-1.893706392863267,7.744258583596258,-0.31346583882308227
4,2,3,-11.955695992178368,-0.8435160927578118,-6.1533613362444575,-2.2384721601411544,1.7154453789942699
3,2,2,5.685108505872203,-6.3975059146700355,9.435886007802708,1.766745724484229,-1.9182060095984101
5,1,1,11.17094369051317,-4.376219546474809,9.117584344558379,1.9438216644128972,-5.25197669670408
0,2,2,-13.216311465075952,2.485032463400817,4.404568017820446,-4.338133485873578,2.2969568309050277
4,1,1,10.365383509865596,-3.37550997892246,-7.8193231406083665,-4.357611669332491,-0.5536808410876399
4,6,1,13.055891660985095,-9.843641360430302,8.753121945010355,0.7112033365753435,0.12541413695799436
4,3,1,14.203200779821664,7.263032865917791,0.5010574570607998,0.3728223443727721,-0.11393965450096903
2,6,3,-4.668284425729253,-0.34570730472197886,5.528388466103703,-3.8890650162426614,4.732690276657607
6,1,1,13.87200250553176,-1.1749949652879639,2.539347396751937,0.2908770789878065,-4.029874052134478
2,5,1,12.113250344088097,10.401697773897915,1.3479794501333133,-0.3398004210554768,2.3860834902144195
1,7,1,4.363042885283275,-13.35093576881802,-4.683845211816887,-2.5556221057432094,1.1584518534512391
2,3,1,14.11511879107975,7.397821673942536,0.07476743175652106,0.19770679547737313,-0.5264919290167676
2,6,1,0.22399695654761698,0.4608756293442056,-10.243686911856901,-1.0327081224560808,-4.7503897026299295
0,2,2,-14.086099261168693,3.069069429023475,1.81495910698745,-2.6472005180237552,1.9951293298951178
1,7,1,3.486143927697974,-13.180311587169271,-4.951333655111758,-2.3138650887957377,1.1734418887224454
0,2,2,-13.91989282796528,2.647491155437199,2.8869002359349705,-2.8842468746703718,1.9914952305328208
2,9,1,10.364013419064234,10.277987030515856,-1.429273799190802,-3.3019156820465794,2.168775986976695
0,2,2,-4.597414814915221,5.786546190021492,-2.163562196291025,5.8274637288310265,-1.8914092859273448
5,2,2,-14.472795470136344,0.8278738526536616,1.73063926949112,-2.8772683420495113,-1.2402153971773793
5,2,2,6.26867807596786,-5.653709685236045,1.3755755881115623,1.3436612725299188,-5.24808249501528
4,2,3,4.4081232836000686,-11.930688959859962,-7.2370681941213455,-3.5631139508133867,-2.2436077943027124
4,4,1,13.0181906317375,7.59253986935467,-0.14679592866711602,-2.8187147822036844,3.6332447617374015
5,2,2,-14.220153911580674,1.6293930192887591,2.793072666312312,-2.5009853180174737,0.7462931555849112
4,1,1,13.77237255555952,4.023154551554341,0.5983976154800625,-0.23289961096740733,2.880254810968112
3,1,1,14.666982119270793,1.6239459805315355,-3.192742782218141,-2.287443975650788,2.1762675946070806
3,1,1,0.9446774583336818,-14.193440837184367,-5.582334667898709,-0.8195028800457834,1.5569410627171403
6,2,3,7.428965989707497,-7.07655619044401,3.168434626392691,0.111611547321656,1.52984591432638
4,2,2,-14.134116028763987,3.205496776860392,-0.216962652009335,-2.0267615892674136,1.5276889780272411
6,1,3,3.3808490089540695,-9.443081623538784,-2.6899991583777547,4.472994870469196,1.903362258768005
5,1,1,6.3076582102066885,-2.490944102861209,13.396855028777976,0.29818443794214083,-7.066525513931736
4,3,1,12.123130216315742,10.311946735795768,1.2841217090847663,-0.5275083666851169,2.617676311246089
3,1,1,3.3854177932158356,-5.437655264732633,7.897245818432878,2.46245888911628,-3.659942464682122
2,7,1,-14.01497817174839,3.017478683266617,-1.8728956922608369,-2.8156679252138397,0.1623005588132237
0,3,1,-1.3398332418554952,7.804322263951463,-1.8609145357703054,6.851871572844651,-2.3026096261951055
4,2,2,8.799432507545227,-8.657863230524816,-6.89904356180425,-2.098876762184167,-2.7570939021625525
3,2,2,2.6949665182079174,-5.334659223533672,7.528035940874028,2.6131463520100096,-3.6477741921694635
4,1,1,-1.8509361903206978,-8.661195991969029,-10.050450905835213,-2.808648985565424,-0.11145350076901768
1,7,1,-1.2849653207807181,7.459800673226873,-4.035579195973893,6.8580964340491875,-0.6342380205502681
0,1,1,-3.7602315124951917,6.366862565670448,-4.509299645765236,4.870577852596614,-2.3078090263645823
0,1,1,-1.8606890867650103,-0.6032184961235363,2.0812913059370115,-9.900862057576209,-10.72781423313533
0,2,2,-3.6226722393547846,5.4136506931785675,-5.876761373395489,6.796146156176041,-1.6433105398984265
1,1,1,2.17352747139998,-11.06935090760331,-7.243061937741637,-1.5711150696213,1.391515726966228
3,2,2,2.7025926534117457,-5.259832387786215,7.476471273798615,2.574187799081957,-3.7051787125196327
0,2,2,-4.11703804013437,7.291653382483801,-5.332783507768423,6.251283961040701,-1.496086515940381
4,1,1,2.9559205323917372,-7.770874337768648,-9.721687052031939,-4.512765444645324,-0.026813471758868834
1,1,1,3.6138677654180227,-13.324803852495107,-5.315873956630259,-2.3019650627609107,1.213986110807516
0,1,1,-3.4546433287274136,6.302560335428334,-5.508227585829451,4.792305892926376,-3.117547922484559
4,3,1,12.82566508873887,9.280596831560048,0.8634937751423621,0.13813535793347448,1.180997648070479
4,1,1,-0.4131506834097603,11.364390579750763,-3.306915788274413,-2.0196706698596474,5.612760558200485
0,2,2,-13.84926619776613,2.8256733674178496,3.4526683316522546,-3.17816000972863,1.7361343312795199
5,1,1,-10.697511398864048,-0.9096303716146495,-2.548900971941561,0.6700062365219849,-6.5585899003806425
1,1,1,3.5218237933365657,-13.106551341374253,-5.29894024547558,-2.4243431918315808,1.40356546745749
4,5,1,3.1704013156819966,-6.270413061604059,4.195474396640207,-4.412340178361385,7.803404271619304
2,5,1,13.550300710752131,8.62626697862176,0.6252187362404115,-0.2771748574443866,0.5365191303085497
6,1,3,-8.40311575371015,-2.854184926590694,0.023486367977212104,3.157772805883886,0.38392363600238205
2,6,1,15.482226015358684,3.294664815982403,-0.8080148379903779,0.28367802828723426,-2.222518558647214
5,2,2,-14.706289768966595,2.8212698954685718,1.5954244700375586,-0.6332147839058335,0.6081760557928212
6,1,3,0.4127163544063073,-9.539819511485982,0.6455426239028539,5.912079773257593,5.1418222249356225
5,1,1,-10.279997876441554,1.7635665640332623,-2.562024743592831,0.9786458667348259,-5.541877169621815
4,2,2,-11.666181793890058,1.5868889038129612,-2.597513629956841,7.31205106762675,0.16507292946654784
0,2,2,-2.463018875760308,6.827536086483837,-5.2476150788453815,2.074327600420931,-3.9993855111104812
0,1,1,-3.111188240850102,5.638334355497181,-4.659285511321598,6.451303970126467,-2.421181096498674
2,1,1,1.1985040317822553,1.6967754905997137,-1.014177108499619,-8.695722999685298,-8.6670460796087
3,2,2,3.5318234539570064,-5.497381185449978,7.89828513163864,2.4739679472885827,-3.5541794296802265
6,1,3,5.691860011213476,-12.051657170400523,3.0161863110565466,4.8140048984578065,6.207747207043149
3,2,2,-13.544588143377181,1.849716767928982,2.8608039314776335,-3.4643290546016803,2.221854882225857
2,8,1,6.622168097631327,11.29630636706991,-2.638929887685468,-4.133251450889897,2.044319998802953
0,2,2,-6.812834788990777,5.209304510565404,-5.117129927466737,2.797224663268085,-1.9725584653050316
0,2,2,-2.86752367401392,6.156062315132355,-4.048455414418286,7.091780692318165,-2.911646026783431
4,3,1,14.232935590781935,7.290335513318497,0.708291500697859,0.5331430228807778,-0.05259410035803254
4,2,2,-14.23604303898916,3.172316086173047,-0.4874915655938875,-1.8077944176878895,1.1866484684153833
0,2,2,-14.206644202893575,2.8770602590172376,2.090876071811385,-3.134827534305721,1.1306818108493542
5,4,1,1.9359439301869923,9.067538012544372,7.146654229272491,-3.7180472766746444,1.8192812216015954
2,8,1,10.820183705074653,11.334598422279257,2.159139348473503,-0.06436327985045699,3.4475603603775062
4,3,1,16.031819511438556,3.142786246385414,-0.7046676379952321,-1.331911096717148,0.03893854742948028
3,2,2,2.6603415981311707,-5.413757596873365,7.558925008446376,2.637292966173971,-3.69244782924545
5,4,1,-13.737571336579201,4.071308453896757,0.5828146259984655,4.86772393997291,1.2442817294542692
6,1,3,10.147118738206895,-11.977805796103095,4.4933771179738065,0.593284896969515,-0.6883991757645058
4,7,1,-7.108200405407205,7.272527564190849,-6.8557848785206215,-2.150393286106801,1.802379393555319
5,2,2,-14.596612858830298,2.477000712921469,-0.6226710470037108,1.2732609795538532,-0.7929274652538896
2,7,1,6.142350339791997,12.730965644256909,-1.5716273745988865,-2.445106568909972,2.648447259393728
2,1,1,10.049330741667363,5.385356907957157,0.48565818088376467,-5.977856918811651,-5.699599413945708
2,4,1,-13.708730209629573,5.2565140177477945,-1.77247052103388,2.8837434240529705,2.2195191573137563
1,3,1,-2.614248672609273,7.10087531205228,-0.14120569306934191,6.312258408613693,-0.8329933079395581
1,1,1,3.2736208258378228,-13.035947547206455,-5.506481982759184,-2.230857395485086,1.4788737771955422
5,1,1,-13.976360981577988,2.58619961135953,0.11282969119007476,3.2199255917160734,1.2438847892817373
3,2,2,-13.775999484907272,2.6447952705035584,1.881692150872671,-1.7483195980085129,2.7357132093901813
1,4,1,3.65935814975629,8.758480160638502,-3.7864801434859414,3.302052825217171,-3.0697426957614646
6,1,3,-4.369694057953509,-7.381012188958601,2.3424598007930926,6.1385461393900655,5.412923110663471
0,2,2,12.215700996115947,-8.699450216363847,5.358969355071517,-0.6210572901861701,-4.748859702403614
3,2,2,-13.38760778051846,0.3942181823911365,2.2365213573889813,-4.9057606810654075,3.012176482987387
1,3,1,14.73958170182522,4.117870044000637,-1.9574318117436185,-1.344741359644861,-0.6264538524701196
1,4,1,-2.2218075995163162,6.964831405981206,-4.239042908786903,4.879580489145862,-1.8873300580296606
4,1,1,11.809092275826158,8.773109986032512,-1.6897321727586492,-3.031372695330351,2.5192446421356327
6,1,1,-6.3661092362697955,-1.8557178718176541,9.056081249390509,-4.133062790351049,2.1990873398531043
1,3,1,2.75672575711305,7.107225726621227,-3.518274575405005,4.191941453098212,-1.4134216666683594
0,2,2,-14.097526969170765,2.7892788667738806,2.4507757569587025,-3.0080345926215526,1.5272461254510727
0,6,1,-13.598919565121724,3.2201956347857723,0.7319145689908113,-1.4139604141541326,3.6343857265114097
0,2,2,-13.246986322757838,2.4981707832774718,4.348489851559537,-4.309809213180811,2.2702943393803463
0,2,1,13.990997387936494,-7.18296101333779,2.229289550524519,-0.6532540328436003,-4.237236710531114
0,2,1,-4.157522534293504,5.4441807229226935,-4.001485377250267,5.952225760089239,-0.8500216977788959
0,2,2,-4.387693218898895,5.592193264232199,-4.444185340464853,5.505993155117987,-1.113765998310621
0,2,1,-2.7737162639553277,7.464427246174534,-4.134693798475222,4.458761928810208,-3.106651042411646
0,6,1,-14.35175215764028,3.648141774967532,1.703396205049679,-0.8871177774081005,1.934985275244686
0,2,2,-14.012542680149739,2.700841396539456,2.678939270418223,-2.954483678996981,1.7656346111484342
0,2,2,11.682803509066483,-8.52372241425251,5.563269508430553,-0.9779217160444951,-4.8427705834789565
0,2,2,11.270371642667946,-8.243199478100012,6.665958228695377,-0.633924310884281,-5.292393577354996
0,1,1,1.4244946382398482,-4.062316882337506,8.915015176357514,-3.322418910498241,3.4825364006953925
0,2,2,-4.041677886830178,5.341548610214711,-5.441582558617198,6.525517296294914,-1.254137954136042
0,2,2,-4.563184102058381,5.08020235569041,-4.629534960294505,6.03750385501576,-0.6806361325877934
0,2,1,1.8011504022038187,-4.247151836694874,8.881480142315144,-3.2534701919081095,3.7985987769278453
0,2,2,-14.106909613248797,2.7994008977720095,2.4239469417411614,-3.014187997091362,1.4990539011480928
1,1,1,3.263183889529639,-13.0161468926974,-5.525619699833285,-2.226242781614374,1.4778284465456908
1,1,3,1.484623599017239,-13.707948462483353,-5.4774495440259745,-1.8439291818557566,1.3066243327520914
1,5,1,4.2131046526165825,-13.347139666876856,-4.8292754838388525,-2.4985788652414684,1.1785749105994041
1,5,1,3.688689294534905,-13.252623918621463,-4.982255426124144,-2.422403583668447,1.2176730873370534
1,3,1,14.723528376114587,4.223199212931937,-1.9117730616806305,-1.320727370878224,-0.6013952482603249
1,1,1,2.612383918615128,-12.847221589728587,-5.775947572437493,-2.0298816276054636,1.4225221437209155
1,1,2,0.4452302903311817,-13.628604670483947,-5.84070638821945,-1.281475324977908,1.355393110669709
1,1,1,2.664851026962964,-12.579026640534577,-6.0107228413782625,-2.0403594318070946,1.454666879270427
1,1,1,2.986490820414827,-12.508351039044944,-6.014944344303147,-2.0786690103284893,1.4572202601106146
1,7,1,3.531069284766908,-13.27268431687089,-4.919588218156273,-2.303658136189658,1.174675521708724
1,1,1,3.1264465147532627,-12.478563932971788,-5.939130462624373,-2.21307927595111,1.3993892530032637
1,1,1,2.775346080291,-12.95154948411591,-5.673525811983863,-2.0471692888427455,1.4463303329755017
1,1,1,2.7921248566568013,-12.896935417823556,-5.752043686769745,-1.9878893729723328,1.4823266780825037
1,1,1,1.739340909960538,-11.106870766767479,-7.282562009399937,-1.4623138447184891,1.3856430939203126
1,3,1,3.651406620821568,-13.1632152838651,-5.163016820730214,-2.428881589235633,1.351972445414301
1,2,1,3.751832157053297,-12.199758932223142,-6.698482160337072,-1.257475544281978,2.017283711120378
1,1,1,0.8148242077795526,-10.97676662794748,-7.535899801118583,-1.0696942245775558,1.4520135814172577
1,4,1,-14.093885178911888,3.4258981168926477,0.20753835208585542,3.099975536952508,-0.15549631863201202
2,8,1,11.24854804921711,10.783243064675915,1.5157822857381427,-1.7598662661773639,3.02674264655617
2,6,1,13.286242501553145,8.969059899803193,0.48942173399240657,-0.5088379068444083,0.6855182946461967
2,4,1,3.4715296263063156,-5.310797371421104,7.668612251288023,2.59920854970078,-3.7494594698287194
2,4,1,13.837432686572367,7.987782792462238,0.24446489393700727,0.10682039599191599,-0.022608011201367382
2,1,1,10.665190244251583,0.20745154541389296,-6.317856481725286,-4.596794873169883,-3.53417870585158
2,4,1,11.344898078426056,11.00262497483863,1.4993178614514306,-0.5758315119710818,3.172048764645583
2,7,1,6.154136255303627,12.702005422077129,-1.605504002986482,-2.4955058999882715,2.6306091925671597
2,2,1,1.6208064676605898,3.048495281726902,-5.001305823305948,-7.535367967055176,-7.005167188633822
2,7,1,10.951014651048455,9.994575342558925,-0.6664188483872735,-3.383401138831473,2.0930228432366604
2,1,1,6.002830649537354,-2.6959427109318845,-8.583183908759004,-4.162797930608623,-4.61361710946229
2,4,1,10.464110677306069,11.253523259590986,1.3546426887659275,-1.3520048449759192,3.909308364466663
2,1,1,10.872669358586068,3.9108998617512722,-3.424195882817211,-4.630317932902696,-4.762384325425224
2,3,1,-9.968307345954349,1.2242499334617416,-7.787821792198277,-2.9290311829969014,-2.8676138049915254
2,4,1,10.61469605628326,11.29079210015091,0.5674877067970703,-2.0401630057354136,2.704113380374664
2,1,1,5.261492810885465,-3.1029451662861796,-8.773685277560418,-4.159540530922555,-4.786164480140931
3,2,1,14.10889083490725,7.478823323969384,2.102059948583674,1.1291515986748069,0.519747058663451
3,3,1,13.469271402709278,8.846482808560426,1.7136375211102028,0.6379168955212566,1.4195440746715249
3,2,2,-13.990223739136523,1.4717755603960248,0.5050482395390757,-3.367217548493683,1.8699174670094718
3,1,2,2.4109529628923196,-5.259448500837127,7.416986853490847,2.6603592434668406,-3.7137016343573204
3,2,2,-13.62805853015691,2.4976759768631243,2.2811467779542975,-2.9215855042329135,2.8814897063822067
3,2,1,-13.608788103883702,0.79916907232649,1.6824143443388841,-5.286434347835396,2.9009150242655237
3,2,1,13.933090595275377,8.110990200107196,1.6507802972011363,0.9188463984165215,0.7069638206836043
3,2,2,-13.666912045409314,2.6748724460008932,2.3747165699194928,-2.1422142895622387,2.9583753914826003
3,3,1,12.94078748941976,9.329942098104398,1.3926286795451934,-0.21037517493941726,2.560177793071521
3,2,2,-13.410944068621907,2.7404020578244057,3.276525156400683,-2.7672343836338396,3.3654920861807787
3,2,2,5.2767770761842705,-6.325140929430501,9.192738519105493,1.8393418520941558,-2.2522540677543237
3,4,1,12.72343604014395,9.66613658303678,1.6804475975768145,0.06520431319090154,2.453351911876937
3,2,1,3.2446338458279613,-5.369204428986975,7.807908254227065,2.4543362505137134,-3.6955080002048084
3,1,1,-10.344743287564416,-8.293579212622516,-6.78021298460826,1.1083351242672028,3.8077190162325927
3,1,1,13.62091052903681,8.359222599673197,0.9353366004903363,-0.36970585469548334,2.2022877529615217
3,2,2,2.7943847344237964,-5.430409288177181,7.611918804383382,2.60778164875766,-3.6748187672334023
3,1,1,-11.574800236948876,-2.9283976495354307,-5.208510963260213,2.1149986855325595,4.332753720274946
3,2,2,-13.499047179551253,2.6765512910182667,2.923707695874874,-2.802090383965357,3.1994724779266925
3,4,1,12.764831740067947,9.594341940606727,1.5927029184923434,-0.048501951754469246,2.530062061994754
3,1,1,-12.216596799184966,-1.9946580584184328,-2.549331640786933,0.11948464529261593,6.008963003822236
3,2,2,-13.347625646606144,2.549891050996142,3.1801415818375034,-3.0827210101273996,3.3488396602099
3,1,1,15.107945592372458,5.782189021109054,0.7670656600299536,0.5795499681025552,0.5376368812870106
3,1,1,0.4642708876715496,-14.198155513479911,-5.653063749003408,-0.8012483391234111,1.6467317127572445
3,4,1,12.83433638100265,9.560586132523277,1.6673239249477936,0.05857212212952582,2.3754402411660736
3,1,1,-12.339973498652286,-1.9104922044095096,-4.340755099210861,1.8784220846130313,3.96742586307021
3,3,1,13.559169053662941,8.715807257467453,1.7026402278195119,0.6949085306804597,1.2923698690245082
3,2,2,2.7026367029252283,-5.27537319397327,7.484481093939228,2.5740684320166487,-3.7060456843549363
3,2,2,2.6870119621909594,-5.306555651008516,7.500341947002425,2.5956882125364125,-3.701756782692766
3,1,1,15.168823368159046,1.9171841801790095,-1.6952185922173537,-1.7449137507936059,2.25195272927217
3,2,2,2.6821540499590153,-5.333083175748386,7.5144061233566015,2.6029563666173123,-3.7007340838165144
3,1,1,6.131043556965237,-5.8259432940562075,9.131835053821684,2.048034844614054,-1.8616516645198216
3,2,2,2.8772396779582268,-5.366676256104914,7.613325952778291,2.544499604350915,-3.611834922439905
5,2,2,-14.569912659013058,1.2081317935594293,1.0281658184340958,-1.761737724279408,-0.843016628742842
5,3,1,-12.948930467046566,1.871256638161354,1.5765373757670542,2.73271591101493,2.035359394304927
5,1,1,-14.10000557373262,1.3638186370247625,3.1349564514563237,-2.9751291466780496,0.39409183152296595
5,2,2,-13.580141076765567,2.595834559773468,3.453387493968603,-2.0130100613010526,2.374215768226902
5,4,1,-11.29651329253587,7.27940567852715,3.39463529320981,0.8961918158791372,-0.03544098272734329
5,2,2,-14.181223735967851,0.6426879740198966,2.557424271948278,-0.6503744825711943,0.21730279077332515
5,4,1,-13.91220485188249,4.286178157341181,2.6643056560277563,-3.473363697827805,-1.1579517505422874
5,4,1,-12.74103847017206,2.849969387843684,5.5875140852927805,-7.03495060955196,-1.9012329509009442
5,2,2,-14.754019600628123,1.804228715200318,1.2597129827852218,-1.3138656030276603,-0.258663654945286
5,1,1,-13.867972246986573,2.4496532132279443,-0.03802712033242113,3.712909434529759,1.1822529618142688
5,1,1,11.175924809900344,-4.474491731603756,8.965415274621362,1.5726152071486943,-6.017833538905764
5,2,2,-14.386078999359901,-1.5131603887693401,1.393378843370556,-3.204830617432337,-2.5890002364870663
5,2,2,-12.511126290665548,-0.6076923960532048,3.1213805405139725,-0.9239713713829779,-0.22485269237445665
5,2,2,-13.995877545639646,-0.4773910738937104,1.955108583352569,-1.4120231049791412,-1.0355900697151785
5,1,1,-14.544745834632778,0.07116219573489027,2.074708863137627,-3.183293428712104,-1.9726588240262333
5,2,2,-14.647717281581357,3.083821289220212,-0.4576890576791881,1.1534929146444604,-0.2747125272246141
5,1,1,-14.766698477094815,2.6182934334311314,1.975933107637492,-0.9623586022122276,0.2172031131876318
5,2,2,-14.656350700005055,2.826459931327198,1.713448395108364,-0.7131134286250146,0.7306593447466082
5,2,1,-14.068083405261048,3.91321689740398,0.06782053194493892,-0.3636911902949597,-0.20716823753858382
5,2,2,-14.817081676103646,1.915336562647664,0.4236199443311751,-0.4223454623777949,0.15892132945848234
5,4,1,-11.478755631868772,0.582716953835065,8.089065486928716,-8.789070064128238,-2.501211887023386
5,4,1,-11.02197636747358,0.256567270888609,-1.2665970225907595,8.579592769056122,0.30758287792821914
5,2,2,-15.015219082102465,-0.7671552569808499,0.6993215459681913,-1.8196691528083364,-1.9972114244394086
5,1,1,0.7322543128868753,-6.067377993688277,8.844355129360505,-5.575431454692998,-8.929588653291264
6,1,3,2.889543956552356,-10.858552644400428,2.1913957516296994,4.8776103478739765,5.6447644750016055
6,1,1,-2.3052244366166077,-7.953022469842154,-1.6284594521576168,6.707388485178123,3.5035802987390627
6,1,1,-6.446923165497056,-1.8709843052720132,8.79677143460973,-4.095733440239252,2.2457182406983396
6,1,1,-6.445270652150652,-1.8579787014420621,8.70441384204903,-4.096212211969461,2.2667309205199824
6,1,1,-6.536839101883751,-1.8206395413218623,7.556847555835861,-3.923353385916761,2.506286509866879
6,1,3,1.671774511848692,-9.273776010546488,-1.6669102590269462,5.32647785475157,4.669246832185364
6,1,2,-6.56885495333666,-1.9142907637793758,7.601760359821705,-3.901299962990487,2.5328128087569994
6,1,3,5.822060640403425,-12.040427870889962,3.010352474167191,4.690824398117488,6.025325888579094
6,1,3,1.0925133757543537,-9.44530441864534,2.4483830302693446,2.677769371341902,1.8347280110690698
6,1,3,9.542211264460702,-11.68439160135694,3.4391856384346706,3.073891662414506,-0.2121108435399739
6,1,3,4.974466901663194,-9.303896470511182,-0.07332643763714067,2.863436929418582,1.5657226349631326
6,1,3,1.102515321923343,-8.963366998152454,2.975012703945076,2.174614077132313,1.6087921849334392
6,1,2,-6.066502984008165,-1.8173747024555027,8.842976567483555,-3.9667437309111993,2.3296298546462855
6,1,3,-4.679973697385686,-7.32030835945099,2.742155781445076,4.912969161824759,3.611602272307537
6,1,1,-6.521720556110131,-1.8719616582337901,8.439973986717119,-4.0566987474673635,2.3129315279487375
6,1,3,6.443732135933624,-10.52199222356361,3.0059321185112924,2.772094626000133,3.1772276510597974
6,1,3,0.8891015375877821,-8.553338183423039,3.357166578301876,1.978179833249691,1.6045645747998583
6,1,2,-6.402932487708398,-2.157609505019765,7.567185789739502,-3.661080830800933,2.7258392269817526
6,1,1,-3.224324249347426,-7.395589275288342,-2.3392929479023223,6.812933763652684,2.824453809167115
6,1,3,-1.0827099006555996,-9.171595339957967,1.0449439801705018,6.306734948947345,5.481588480587253
6,1,3,-1.6038348258365596,-7.057755011131038,-2.0559287049543333,4.213655177787026,1.489077596193139
6,1,3,-4.547204838000067,-4.978696732914314,4.0960073345472825,1.398268811072938,-2.572127525035115
6,1,2,-1.1225293829167908,-8.673318235576884,-0.6713278192677911,6.438781980037335,4.28032090953148
6,1,1,-6.370179417722223,-1.8938953642811642,9.055019340552576,-4.1048473333808095,2.213159069271784
6,1,1,-6.36746367087575,-1.8959193971424828,9.054509717324333,-4.103435490746833,2.215197530520264
6,1,3,2.439159836791772,-10.326185259924621,1.0197623940859524,4.6706238347988265,4.566542581648925
6,1,1,-6.365014518066595,-1.8565153256917906,9.05587779445632,-4.132502088106785,2.19990592020768
6,1,3,4.882387292412537,-11.115818382251263,-0.10205528786024123,5.050651343847006,4.43385219465159
6,1,3,8.752273020662964,-12.189608534134418,3.3086873570134814,3.639464770725538,1.7870386461210208
6,1,1,-6.331400050374293,-1.8625374422364913,9.024449536110101,-4.107114113488462,2.215501602512773
6,1,3,3.992446868645888,-8.557453841955654,-2.2761282448623916,4.050793008066957,4.3215560379417015
6,1,3,5.422900764392098,-11.702850508056985,1.451974931365562,4.996573300346462,5.459571529339301
6,1,1,-3.953165255227325,-6.813826792070281,-2.221078311534812,6.090153890768732,1.3368753742695623
6,1,1,-6.458911811290718,-1.8733030035142522,8.757413664996418,-4.0899633231364065,2.2526768044454455
6,1,3,1.9178992497755132,-10.221071094152752,-1.267649328180192,5.545402450171795,3.941030462363666
6,1,3,4.380618446750277,-9.916277124460521,-2.248794636511583,4.488908440393217,1.9859322991055004
6,1,3,-1.6407449843311808,-7.192257891336422,1.213592375237377,3.1470351082765604,-0.02000389145599455
6,1,3,-4.7155682775256995,-5.250985942641473,3.9802298884178713,1.848012782762755,-2.035817205170276
6,1,2,-4.993986142305331,-4.959911261648059,2.2933852738751725,2.8550518201658894,-1.9853948720521684
6,1,3,-1.2707774221337025,-7.129662802981156,3.728749260506352,2.4183260740229824,0.040499537968369366
6,1,3,6.045980358464347,-11.958084738591067,3.001321355044529,4.417450538174246,5.6242898536471015
6,1,3,2.2004792239137325,-10.484430270338095,-0.684175478851725,4.28093202749952,3.2499729463158156
6,1,3,-5.289261574867085,-6.448695557929615,3.39834941671966,3.8933890088496406,0.5636904755752034
6,1,3,-3.7920699933645188,-7.083267154784875,0.10236694479324598,5.9346869947437275,3.683606554706135
6,1,3,-2.5614907029655107,-8.257419491404699,2.7165727856670485,5.035768560270735,4.13645092408588
6,1,3,3.5644291564566744,-10.329370603432391,1.3586031593309813,3.933886533143853,4.06318370335915
